item_id,status,created_at,sku,price,qty_ordered,grand_total,increment_id,category_name_1,sales_commission_code,discount_amount,payment_method,Working Date,BI Status, MV ,Year,Month,Customer Since,M-Y,FY,Customer ID,Unnamed: 21,Unnamed: 22,Unnamed: 23,Unnamed: 24,Unnamed: 25
900000000,complete,09/12/2018,kcc_Buy 2 Frey Air Freshener & Get 1 Kasual Body Spray Free,240.0,1.0,240.0,DEMO-00094,Beauty & Grooming,C-MUX-105333,0.0,cod,09/12/2018,Net, 240 ,2016.0,7.0,2016-7,7-2016,FY17,143.0,,,,,
900000001,complete,09/09/2018,Carson Black_CB-01-002-XL,399.0,1.0,399.0,DEMO-00067,Men's Fashion,\N,0.0,cod,09/09/2018,Net, 399 ,2016.0,8.0,2016-8,8-2016,FY17,4662.0,,,,,
900000002,complete,09/15/2018,s_tv_KLV-32R302C,32655.0,1.0,32655.0,DEMO-00116,Entertainment,R-MUX-104361,0.0,cod,09/15/2018,Net," 32,655 ",2016.0,8.0,2016-8,8-2016,FY17,2478.0,,,,,
900000003,complete,09/14/2018,kcc_krone deal,360.0,1.0,360.0,DEMO-00105,Beauty & Grooming,C LHE 30807,0.0,cod,09/14/2018,Net, 360 ,2016.0,9.0,2016-7,9-2016,FY17,59.0,,,,,
900000004,complete,09/05/2018,ISN's 100% Whey Protein Chocolate,2500.0,1.0,2500.0,DEMO-00035,Health & Sports,\N,0.0,cod,09/05/2018,Net," 2,500 ",2016.0,9.0,2016-7,9-2016,FY17,36.0,,,,,
900000005,complete,09/07/2018,MDF 012_Coconuts 250 gm,145.0,1.0,145.0,DEMO-00050,Soghaat,CC-104467,0.0,cod,09/07/2018,Net, 145 ,2016.0,9.0,2016-9,9-2016,FY17,7425.0,,,,,
900000006,canceled,09/14/2018,West Point_WF-3601,5806.0,1.0,4064.2,DEMO-00106,Appliances,\N,1741.8,Payaxis,09/14/2018,Gross," 5,806 ",2016.0,9.0,2016-9,9-2016,FY17,8824.0,,,,,
900000007,canceled,09/07/2018,bata_5616462-black-38,300.0,1.0,270.0,DEMO-00051,Women's Fashion,\N,30.0,Payaxis,09/07/2018,Gross, 300 ,2016.0,9.0,2016-9,9-2016,FY17,9067.0,,,,,
900000008,canceled,09/09/2018,Al Muhafiz Sohan Halwa Almond,240.0,1.0,1015.2,DEMO-00065,Soghaat,\N,24.0,Payaxis,09/09/2018,Gross, 240 ,2016.0,9.0,2016-9,9-2016,FY17,9626.0,,,,,
900000009,canceled,09/09/2018,RB_Household Bundle,999.0,1.0,1015.2,DEMO-00065,Superstore,\N,199.8,Payaxis,09/09/2018,Gross, 999 ,2016.0,9.0,2016-9,9-2016,FY17,9626.0,,,,,
900000010,canceled,09/08/2018,GMZV_Naughty Dog Uncharted 4- A Thief's End - PS4,4400.0,1.0,4180.0,DEMO-00058,Entertainment,\N,220.0,Payaxis,09/08/2018,Gross," 4,400 ",2016.0,9.0,2016-7,9-2016,FY17,73.0,,,,,
900000011,canceled,09/05/2018,Apple iPhone 6 (64GB) Silver,70567.0,5.0,342249.95,DEMO-00037,Mobiles & Tablets,\N,10585.05,Payaxis,09/05/2018,Gross," 352,835 ",2016.0,10.0,2016-9,10-2016,FY17,9244.0,,,,,
900000012,complete,09/13/2018,sa_Fawaz (Saeed Ajmal),100.0,1.0,100.0,DEMO-00101,Beauty & Grooming,R-KHW-50744,0.0,cod,09/13/2018,Net, 100 ,2016.0,10.0,2016-7,10-2016,FY17,802.0,,,,,
900000013,complete,09/10/2018,RS_Nan Khatai,210.0,1.0,210.0,DEMO-00077,Soghaat,R-GUJ-104007,0.0,cod,09/10/2018,Net, 210 ,2016.0,10.0,2016-7,10-2016,FY17,1632.0,,,,,
900000014,complete,09/13/2018,Just Clothing_30-Black Full Sleeve Tee-Medium,299.0,1.0,299.0,DEMO-00098,Men's Fashion,R-KHW-50744,0.0,cod,09/13/2018,Net, 299 ,2016.0,10.0,2016-10,10-2016,FY17,12227.0,,,,,
900000015,canceled,09/10/2018,stinnos_NetBed2,1220.0,1.0,1220.0,DEMO-00075,Kids & Baby,\N,0.0,Payaxis,09/10/2018,Gross," 1,220 ",2016.0,11.0,2016-11,11-2016,FY17,13993.0,,,,,
900000016,complete,09/06/2018,electro_mimo Massager ac dc,449.0,1.0,1649.0,DEMO-00044,Beauty & Grooming,\N,0.0,cod,09/06/2018,Net, 449 ,2016.0,11.0,2016-9,11-2016,FY17,8234.0,,,,,
900000017,complete,09/06/2018,greenroot_joint Cure,1200.0,1.0,1649.0,DEMO-00044,Beauty & Grooming,\N,0.0,cod,09/06/2018,Net," 1,200 ",2016.0,11.0,2016-9,11-2016,FY17,8234.0,,,,,
900000018,canceled,09/14/2018,Mardaz_MDZ-P-18-L,330.0,1.0,330.0,DEMO-00109,Men's Fashion,\N,0.0,Payaxis,09/14/2018,Gross, 330 ,2016.0,11.0,2016-7,11-2016,FY17,931.0,,,,,
900000019,canceled,09/10/2018,emart_00-1,649.0,1.0,389.4,DEMO-00080,\N,\N,259.6,Payaxis,09/10/2018,Gross, 649 ,2016.0,11.0,2016-7,11-2016,FY17,2064.0,,,,,
900000020,complete,09/03/2018,shahi_buy one get one free Shahi Savory Mix,85.0,1.0,85.0,DEMO-00017,Soghaat,C-MUX-33202,0.0,cod,09/03/2018,Net, 85 ,2016.0,11.0,2016-7,11-2016,FY17,767.0,,,,,
900000021,complete,09/02/2018,emart_00-1,649.0,1.0,324.5,DEMO-00012,\N,\N,324.5,jazzwallet,09/02/2018,Net, 649 ,2016.0,11.0,2016-9,11-2016,FY17,7971.0,,,,,
900000022,complete,09/09/2018,Adolphs Collection_Pack of 10 Mobile Accessories-2,499.0,1.0,349.3,DEMO-00070,Mobiles & Tablets,\N,149.7,jazzwallet,09/09/2018,Net, 499 ,2016.0,11.0,2016-11,11-2016,FY17,16908.0,,,,,
900000023,canceled,09/02/2018,emart_00-1,649.0,1.0,389.4,DEMO-00015,\N,\N,259.6,Payaxis,09/02/2018,Gross, 649 ,2016.0,11.0,2016-11,11-2016,FY17,14592.0,,,,,
900000024,canceled,09/06/2018,Stek_Wireless Mouse- green,332.0,1.0,199.2,DEMO-00048,Computing,\N,132.8,Payaxis,09/06/2018,Gross, 332 ,2016.0,11.0,2016-11,11-2016,FY17,18344.0,,,,,
900000025,canceled,09/11/2018,Rubian_Car & Desk,649.0,1.0,649.0,DEMO-00083,Mobiles & Tablets,cmux45361,0.0,Payaxis,09/11/2018,Gross, 649 ,2016.0,11.0,2016-7,11-2016,FY17,1911.0,,,,,
900000026,complete,09/02/2018,Valarie_PON08 BR05,399.0,1.0,399.0,DEMO-00014,Women's Fashion,\N,0.0,Payaxis,09/02/2018,Net, 399 ,2016.0,11.0,2016-9,11-2016,FY17,9230.0,,,,,
900000027,canceled,09/07/2018,delsey_Delsey Ergonomic Neck Pillow,1299.0,1.0,779.4,DEMO-00056,Home & Living,\N,519.6,Payaxis,09/07/2018,Gross," 1,299 ",2016.0,11.0,2016-9,11-2016,FY17,9860.0,,,,,
900000028,canceled,09/07/2018,iGeek_Selfie Stick Universal for All Mobile Phones,291.0,1.0,189.15,DEMO-00054,Mobiles & Tablets,\N,101.85,jazzvoucher,09/07/2018,Gross, 291 ,2016.0,11.0,2016-11,11-2016,FY17,16124.0,,,,,
900000029,complete,09/15/2018,shahi_pack of 2-Munchy mix,136.0,1.0,68.0,DEMO-00119,Soghaat,\N,68.0,jazzwallet,09/15/2018,Net, 136 ,2016.0,11.0,2016-11,11-2016,FY17,23132.0,,,,,
900000030,canceled,09/05/2018,Homage_HOMAGE HWM 1020 SA,12490.0,1.0,11241.0,DEMO-00040,Appliances,R-LHW-105666,1249.0,jazzvoucher,09/05/2018,Gross," 12,490 ",2016.0,11.0,2016-11,11-2016,FY17,24144.0,,,,,
900000031,canceled,09/05/2018,Tmall_SelfieStick_Pink,299.0,1.0,299.0,DEMO-00033,Mobiles & Tablets,\N,0.0,jazzwallet,09/05/2018,Gross, 299 ,2016.0,11.0,2016-11,11-2016,FY17,24052.0,,,,,
900000032,complete,09/04/2018,Karak_Honey 1 Kg_discounted,1400.0,1.0,1120.0,DEMO-00031,Soghaat,\N,280.0,Payaxis,09/04/2018,Net," 1,400 ",2016.0,11.0,2016-9,11-2016,FY17,8368.0,,,,,
900000033,canceled,09/02/2018,Adolphs_PT-2-M,400.0,1.0,800.0,DEMO-00011,Men's Fashion,\N,0.0,Payaxis,09/02/2018,Gross, 400 ,2016.0,11.0,2016-11,11-2016,FY17,25340.0,,,,,
900000034,canceled,09/02/2018,Adolphs_PT-8-M,400.0,1.0,800.0,DEMO-00011,Men's Fashion,\N,0.0,Payaxis,09/02/2018,Gross, 400 ,2016.0,11.0,2016-11,11-2016,FY17,25340.0,,,,,
900000035,complete,09/07/2018,edukaan_201520,900.0,1.0,10110.0,DEMO-00055,Kids & Baby,\N,0.0,cod,09/07/2018,Net, 900 ,2016.0,11.0,2016-11,11-2016,FY17,26263.0,,,,,
900000036,complete,09/07/2018,stinnos_WoodShape,1350.0,1.0,10110.0,DEMO-00055,Kids & Baby,\N,0.0,cod,09/07/2018,Net," 1,350 ",2016.0,11.0,2016-11,11-2016,FY17,26263.0,,,,,
900000037,complete,09/07/2018,edukaan_200822,1240.0,1.0,10110.0,DEMO-00055,Kids & Baby,\N,0.0,cod,09/07/2018,Net," 1,240 ",2016.0,11.0,2016-11,11-2016,FY17,26263.0,,,,,
900000038,complete,09/07/2018,M&ME_8032,520.0,1.0,10110.0,DEMO-00055,Kids & Baby,\N,0.0,cod,09/07/2018,Net, 520 ,2016.0,11.0,2016-11,11-2016,FY17,26263.0,,,,,
900000039,complete,09/07/2018,M&ME_8038,1440.0,1.0,10110.0,DEMO-00055,Kids & Baby,\N,0.0,cod,09/07/2018,Net," 1,440 ",2016.0,11.0,2016-11,11-2016,FY17,26263.0,,,,,
900000040,complete,09/07/2018,M&ME_8039,1170.0,1.0,10110.0,DEMO-00055,Kids & Baby,\N,0.0,cod,09/07/2018,Net," 1,170 ",2016.0,11.0,2016-11,11-2016,FY17,26263.0,,,,,
900000041,complete,09/07/2018,edukaan_201560,1470.0,1.0,10110.0,DEMO-00055,Kids & Baby,\N,0.0,cod,09/07/2018,Net," 1,470 ",2016.0,11.0,2016-11,11-2016,FY17,26263.0,,,,,
900000042,complete,09/07/2018,edukaan_201559,380.0,1.0,10110.0,DEMO-00055,Kids & Baby,\N,0.0,cod,09/07/2018,Net, 380 ,2016.0,11.0,2016-11,11-2016,FY17,26263.0,,,,,
900000043,complete,09/07/2018,edukaan_201558,380.0,1.0,10110.0,DEMO-00055,Kids & Baby,\N,0.0,cod,09/07/2018,Net, 380 ,2016.0,11.0,2016-11,11-2016,FY17,26263.0,,,,,
900000044,complete,09/07/2018,edukaan_201547,250.0,1.0,10110.0,DEMO-00055,Kids & Baby,\N,0.0,cod,09/07/2018,Net, 250 ,2016.0,11.0,2016-11,11-2016,FY17,26263.0,,,,,
900000045,complete,09/07/2018,edukaan_201546,250.0,1.0,10110.0,DEMO-00055,Kids & Baby,\N,0.0,cod,09/07/2018,Net, 250 ,2016.0,11.0,2016-11,11-2016,FY17,26263.0,,,,,
900000046,complete,09/07/2018,edukaan_201522,760.0,1.0,10110.0,DEMO-00055,Kids & Baby,\N,0.0,cod,09/07/2018,Net, 760 ,2016.0,11.0,2016-11,11-2016,FY17,26263.0,,,,,
900000047,complete,09/02/2018,Telemall_MM-DR-HB-L,349.0,1.0,349.0,DEMO-00016,\N,LHW 7348,0.0,cod,09/02/2018,Net, 349 ,2016.0,11.0,2016-11,11-2016,FY17,14835.0,,,,,
900000048,complete,09/12/2018,Rabia_1-B,1890.0,1.0,1000.0,DEMO-00096,Women's Fashion,\N,0.0,cod,09/12/2018,Net," 1,890 ",2017.0,1.0,2016-10,1-2017,FY17,11508.0,,,,,
900000049,complete,09/12/2018,amnaismail_AIL-375-B,1947.0,1.0,1000.0,DEMO-00096,Women's Fashion,\N,0.0,cod,09/12/2018,Net," 1,947 ",2017.0,1.0,2016-10,1-2017,FY17,11508.0,,,,,
900000050,complete,09/12/2018,amnaismail_AIL-383-A,1947.0,1.0,1000.0,DEMO-00096,Women's Fashion,\N,0.0,cod,09/12/2018,Net," 1,947 ",2017.0,1.0,2016-10,1-2017,FY17,11508.0,,,,,
900000051,complete,09/12/2018,rehaab_RJ160051,2716.0,1.0,1000.0,DEMO-00096,Women's Fashion,\N,0.0,cod,09/12/2018,Net," 2,716 ",2017.0,1.0,2016-10,1-2017,FY17,11508.0,,,,,
900000052,complete,09/02/2018,Aybeez_ABZ-275-S,699.0,1.0,849.0,DEMO-00013,Men's Fashion,\N,0.0,cod,09/02/2018,Net, 699 ,2017.0,1.0,2017-1,1-2017,FY17,31325.0,,,,,
900000053,canceled,09/10/2018,Infinix Note 3-3 GB-Grey,20599.0,1.0,20599.0,DEMO-00078,Mobiles & Tablets,103015,0.0,Payaxis,09/10/2018,Gross," 20,599 ",2017.0,1.0,2016-11,1-2017,FY17,26527.0,,,,,
900000054,canceled,09/06/2018,PucaM_TURBO-BLACK-42,3000.0,1.0,3000.0,DEMO-00041,Men's Fashion,\N,0.0,Payaxis,09/06/2018,Gross," 3,000 ",2017.0,2.0,2016-12,2-2017,FY17,28952.0,,,,,
900000055,complete,09/04/2018,IDROID_BALRX7-Gold,9000.0,10.0,90000.0,DEMO-00032,Mobiles & Tablets,\N,0.0,cod,09/04/2018,Net," 90,000 ",2017.0,2.0,2017-1,2-2017,FY17,32429.0,,,,,
900000056,complete,09/11/2018,sitara_202-B,1250.0,1.0,2600.0,DEMO-00088,Women's Fashion,\N,0.0,cod,09/11/2018,Net," 1,250 ",2017.0,3.0,2017-3,3-2017,FY17,36310.0,,,,,
900000057,complete,09/11/2018,sitara_203-A,1350.0,1.0,2600.0,DEMO-00088,Women's Fashion,\N,0.0,cod,09/11/2018,Net," 1,350 ",2017.0,3.0,2017-3,3-2017,FY17,36310.0,,,,,
900000058,canceled,09/12/2018,PTCL_Charji EVO TAB,12500.0,1.0,12500.0,DEMO-00090,Mobiles & Tablets,\N,0.0,cod,09/12/2018,Gross," 12,500 ",2017.0,3.0,2017-3,3-2017,FY17,38082.0,,,,,
900000059,complete,09/01/2018,Rubian_U8 Smart Watch,1085.0,1.0,1085.0,DEMO-00007,Mobiles & Tablets,\N,0.0,cod,09/01/2018,Net," 1,085 ",2017.0,3.0,2017-3,3-2017,FY17,38702.0,,,,,
900000060,complete,09/08/2018,samsung_A720-Black,55000.0,1.0,55000.0,DEMO-00063,Mobiles & Tablets,\N,0.0,Easypay,09/08/2018,Net," 55,000 ",2017.0,3.0,2017-3,3-2017,FY17,39531.0,,,,,
900000061,complete,09/03/2018,kureshi_HSMF-Male-L,350.0,1.0,500.0,DEMO-00023,Men's Fashion,R-RWP-90946,0.0,cod,09/03/2018,Net, 350 ,2017.0,4.0,2017-4,4-2017,FY17,40688.0,,,,,
900000062,canceled,09/15/2018,BD_BIG DEAL_3,430.0,1.0,580.0,DEMO-00113,Mobiles & Tablets,\N,0.0,Easypay_MA,09/15/2018,Gross, 430 ,2017.0,4.0,2017-4,4-2017,FY17,41358.0,,,,,
900000063,complete,09/08/2018,Samsung_ J3-J320F-Black,17849.0,1.0,17849.0,DEMO-00059,Mobiles & Tablets,R-PEW-104414,0.0,cod,09/08/2018,Net," 17,849 ",2017.0,4.0,2017-4,4-2017,FY17,42473.0,,,,,
900000064,canceled,09/14/2018,Samsung_A3-2017-Gold,32249.0,1.0,32249.0,DEMO-00110,Mobiles & Tablets,\N,0.0,Payaxis,09/14/2018,Gross," 32,249 ",2017.0,4.0,2016-10,4-2017,FY17,10654.0,,,,,
900000065,canceled,09/11/2018,aronline_1011,359.0,1.0,18959.0,DEMO-00084,Mobiles & Tablets,\N,0.0,cod,09/11/2018,Gross, 359 ,2017.0,5.0,2016-10,5-2017,FY17,10896.0,,,,,
900000066,canceled,09/11/2018,infinix_S2-Black,18600.0,1.0,18959.0,DEMO-00084,Mobiles & Tablets,\N,0.0,cod,09/11/2018,Gross," 18,600 ",2017.0,5.0,2016-10,5-2017,FY17,10896.0,,,,,
900000067,complete,09/14/2018,ZA_Grand Prime Plus-Black,15000.0,1.0,10350.0,DEMO-00108,Mobiles & Tablets,\N,4650.0,Payaxis,09/14/2018,Net," 15,000 ",2017.0,5.0,2017-5,5-2017,FY17,44909.0,,,,,
900000068,canceled,09/15/2018,ALHAMRA_ACS-003-M,699.0,1.0,4397.94,DEMO-00115,Men's Fashion,\N,157.9699,Payaxis,09/15/2018,Gross, 699 ,2017.0,5.0,2016-11,5-2017,FY17,20738.0,,,,,
900000069,canceled,09/15/2018,Adolphs_AD-31,799.0,1.0,4397.94,DEMO-00115,Men's Fashion,\N,180.5693,Payaxis,09/15/2018,Gross, 799 ,2017.0,5.0,2016-11,5-2017,FY17,20738.0,,,,,
900000070,canceled,09/15/2018,mdeal_DMC-610-8,1499.0,1.0,4397.94,DEMO-00115,Men's Fashion,\N,338.7652,Payaxis,09/15/2018,Gross," 1,499 ",2017.0,5.0,2016-11,5-2017,FY17,20738.0,,,,,
900000071,canceled,09/15/2018,hol_w-9501,299.0,1.0,4397.94,DEMO-00115,Men's Fashion,\N,67.5722,Payaxis,09/15/2018,Gross, 299 ,2017.0,5.0,2016-11,5-2017,FY17,20738.0,,,,,
900000072,canceled,09/15/2018,ajmery_TH281FA14ZVG8NAFAMZ-42,1139.05,1.0,4397.94,DEMO-00115,Men's Fashion,\N,257.4186,Payaxis,09/15/2018,Gross," 1,139 ",2017.0,5.0,2016-11,5-2017,FY17,20738.0,,,,,
900000073,canceled,09/15/2018,fstore_mdc-441-41,749.0,1.0,4397.94,DEMO-00115,Men's Fashion,\N,169.2696,Payaxis,09/15/2018,Gross, 749 ,2017.0,5.0,2016-11,5-2017,FY17,20738.0,,,,,
900000074,canceled,09/15/2018,ALHAMRA_US-0961-K,299.0,1.0,4397.94,DEMO-00115,Men's Fashion,\N,67.5722,Payaxis,09/15/2018,Gross, 299 ,2017.0,5.0,2016-11,5-2017,FY17,20738.0,,,,,
900000075,canceled,09/15/2018,fstore_MDC-214-41,199.0,1.0,4397.94,DEMO-00115,Men's Fashion,\N,44.9728,Payaxis,09/15/2018,Gross, 199 ,2017.0,5.0,2016-11,5-2017,FY17,20738.0,,,,,
900000076,complete,09/03/2018,ELF_83405,1250.0,1.0,2036.0,DEMO-00022,Beauty & Grooming,\N,250.0,Payaxis,09/03/2018,Net," 1,250 ",2017.0,5.0,2017-5,5-2017,FY17,45967.0,,,,,
900000077,complete,09/03/2018,Stageline_126601,1295.0,1.0,2036.0,DEMO-00022,Beauty & Grooming,\N,259.0,Payaxis,09/03/2018,Net," 1,295 ",2017.0,5.0,2017-5,5-2017,FY17,45967.0,,,,,
900000078,complete,09/04/2018,Nimcos_Namak-Paray-200gm,98.0,1.0,542.0,DEMO-00026,Soghaat,\N,0.0,cod,09/04/2018,Net, 98 ,2017.0,5.0,2017-5,5-2017,FY17,43855.0,,,,,
900000079,complete,09/04/2018,Nimcos_Potato-Sticks-150gm,98.0,3.0,542.0,DEMO-00026,Soghaat,\N,0.0,cod,09/04/2018,Net, 294 ,2017.0,5.0,2017-5,5-2017,FY17,43855.0,,,,,
900000080,canceled,09/10/2018,Linkpro_LP-DZ09-S,1499.0,1.0,1424.05,DEMO-00076,Mobiles & Tablets,\N,74.95,Easypay,09/10/2018,Gross," 1,499 ",2017.0,5.0,2017-5,5-2017,FY17,48564.0,,,,,
900000081,complete,09/01/2018,BO_topfastRc-yellow,350.0,1.0,500.0,DEMO-00002,Kids & Baby,\N,0.0,cod,09/01/2018,Net, 350 ,2017.0,5.0,2017-5,5-2017,FY17,48457.0,,,,,
900000082,complete,09/08/2018,Telemall_MM-DR-HB-L-XL,360.0,1.0,510.0,DEMO-00062,Health & Sports,\N,0.0,cod,09/08/2018,Net, 360 ,2017.0,7.0,2017-7,7-2017,FY18,54443.0,,,,,
900000083,canceled,09/08/2018,Xiaomi-Redmi-4x-BLACK,18900.0,1.0,18900.0,DEMO-00061,Mobiles & Tablets,\N,0.0,Payaxis,09/08/2018,Gross," 18,900 ",2017.0,7.0,2017-7,7-2017,FY18,53774.0,,,,,
900000084,complete,09/06/2018,LS_8961100500796,840.0,1.0,579.75,DEMO-00047,Superstore,\N,369.4783,Easypay,09/06/2018,Net, 840 ,2017.0,8.0,2016-9,8-2017,FY18,9303.0,,,,,
900000085,complete,09/06/2018,LS_3014260316259,30.0,3.0,579.75,DEMO-00047,Superstore,\N,39.587,Easypay,09/06/2018,Net, 90 ,2017.0,8.0,2016-9,8-2017,FY18,9303.0,,,,,
900000086,complete,09/06/2018,LS_8999999706180,105.0,1.0,579.75,DEMO-00047,Superstore,\N,46.1848,Easypay,09/06/2018,Net, 105 ,2017.0,8.0,2016-9,8-2017,FY18,9303.0,,,,,
900000087,canceled,09/08/2018,LS_8961014001273,46.0,3.0,1003.2,DEMO-00057,Superstore,\N,6.9,Payaxis,09/08/2018,Gross, 138 ,2017.0,8.0,2017-5,8-2017,FY18,44830.0,,,,,
900000088,canceled,09/08/2018,LS_6001106209506,67.0,3.0,1003.2,DEMO-00057,Superstore,\N,10.05,Payaxis,09/08/2018,Gross, 201 ,2017.0,8.0,2017-5,8-2017,FY18,44830.0,,,,,
900000089,canceled,09/08/2018,LS_8961014006773,53.0,3.0,1003.2,DEMO-00057,Superstore,\N,7.95,Payaxis,09/08/2018,Gross, 159 ,2017.0,8.0,2017-5,8-2017,FY18,44830.0,,,,,
900000090,canceled,09/08/2018,LS_8961014006841,53.0,3.0,1003.2,DEMO-00057,Superstore,\N,7.95,Payaxis,09/08/2018,Gross, 159 ,2017.0,8.0,2017-5,8-2017,FY18,44830.0,,,,,
900000091,canceled,09/08/2018,LS_6001106209520,68.0,3.0,1003.2,DEMO-00057,Superstore,\N,10.2,Payaxis,09/08/2018,Gross, 204 ,2017.0,8.0,2017-5,8-2017,FY18,44830.0,,,,,
900000092,canceled,09/08/2018,LS_8001090394514,195.0,1.0,1003.2,DEMO-00057,Superstore,\N,9.75,Payaxis,09/08/2018,Gross, 195 ,2017.0,8.0,2017-5,8-2017,FY18,44830.0,,,,,
900000093,complete,09/05/2018,LS_6297000027975,890.0,3.0,3060.0,DEMO-00036,Superstore,\N,375.0,jazzwallet,09/05/2018,Net," 2,670 ",2017.0,8.0,2016-7,8-2017,FY18,609.0,,,,,
900000094,complete,09/05/2018,LS_6297000027982,890.0,1.0,3060.0,DEMO-00036,Superstore,\N,125.0,jazzwallet,09/05/2018,Net, 890 ,2017.0,8.0,2016-7,8-2017,FY18,609.0,,,,,
900000095,canceled,09/11/2018,AYS_CX-39U564G,27320.0,1.0,25320.0,DEMO-00086,Entertainment,C-LHW-50074,2000.0,Payaxis,09/11/2018,Gross," 27,320 ",2017.0,8.0,2017-1,8-2017,FY18,31440.0,,,,,
900000096,complete,09/11/2018,Nabila_ZEROMAKEUP-HONEY,4900.0,1.0,4410.0,DEMO-00081,Beauty & Grooming,\N,490.0,cod,09/11/2018,Net," 4,900 ",2017.0,8.0,2017-8,8-2017,FY18,59798.0,,,,,
900000097,complete,09/14/2018,MEFKUR59ACE568DF554,199.0,1.0,1192.0,DEMO-00111,Men's Fashion,\N,0.0,cod,09/14/2018,Net, 199 ,2017.0,10.0,2016-12,10-2017,FY18,27720.0,,,,,
900000098,complete,09/14/2018,APPHED59D48AFF9EBA0,505.0,1.0,1192.0,DEMO-00111,Appliances,\N,0.0,cod,09/14/2018,Net, 505 ,2017.0,10.0,2016-12,10-2017,FY18,27720.0,,,,,
900000099,complete,09/14/2018,APPSTE59D5F3CD73557,244.0,2.0,1192.0,DEMO-00111,Appliances,\N,0.0,cod,09/14/2018,Net, 488 ,2017.0,10.0,2016-12,10-2017,FY18,27720.0,,,,,
900000100,complete,09/07/2018,MATOPP59D1F6DC12873,15155.0,1.0,10655.0,DEMO-00049,Mobiles & Tablets,\N,4500.0,Payaxis,09/07/2018,Net," 15,155 ",2017.0,10.0,2017-10,10-2017,FY18,62867.0,,,,,
900000101,canceled,09/02/2018,OTHYAY59E0CBC39C06A,1500.0,2.0,3000.0,DEMO-00010,Others,\N,0.0,Payaxis,09/02/2018,Gross," 3,000 ",2017.0,10.0,2017-10,10-2017,FY18,64087.0,,,,,
900000102,canceled,09/11/2018,OTHYAY59E0CBBD9696E,5000.0,3.0,15000.0,DEMO-00082,Others,\N,0.0,Payaxis,09/11/2018,Gross," 15,000 ",2017.0,10.0,2016-12,10-2017,FY18,29953.0,,,,,
900000103,complete,09/05/2018,ENTVIZ59BF507A28BBF,16110.0,1.0,16110.0,DEMO-00034,Entertainment,\N,0.0,cod,09/05/2018,Net," 16,110 ",2017.0,10.0,2017-10,10-2017,FY18,64479.0,,,,,
900000104,complete,09/15/2018,MEFBUY59B7E808D2F6A-41,699.0,1.0,849.0,DEMO-00120,Men's Fashion,R-80767,0.0,cod,09/15/2018,Net, 699 ,2017.0,11.0,2016-7,11-2017,FY18,2201.0,,,,,
900000105,complete,09/03/2018,MEFBNB5A046DA911527-M,449.0,2.0,1048.0,DEMO-00018,Men's Fashion,\N,0.0,cod,09/03/2018,Net, 898 ,2017.0,11.0,2017-11,11-2017,FY18,67594.0,,,,,
900000106,canceled,09/04/2018,APPORI5A05B1DB80969,54211.0,1.0,49211.0,DEMO-00027,Appliances,R-PEW-41424,5000.0,Easypay_MA,09/04/2018,Gross," 54,211 ",2017.0,11.0,2017-5,11-2017,FY18,44445.0,,,,,
900000107,canceled,09/10/2018,MEFBNB5A046DA5BBDA2-M,449.0,1.0,966.45,DEMO-00079,Men's Fashion,\N,67.35,Easypay,09/10/2018,Gross, 449 ,2017.0,11.0,2016-11,11-2017,FY18,24287.0,,,,,
900000108,canceled,09/10/2018,MEFBNB5A046DA766A1C-M,449.0,1.0,966.45,DEMO-00079,Men's Fashion,\N,67.35,Easypay,09/10/2018,Gross, 449 ,2017.0,11.0,2016-11,11-2017,FY18,24287.0,,,,,
900000109,canceled,09/10/2018,BAGAXE59AC716921FDB,239.0,1.0,966.45,DEMO-00079,Beauty & Grooming,\N,35.85,Easypay,09/10/2018,Gross, 239 ,2017.0,11.0,2016-11,11-2017,FY18,24287.0,,,,,
900000110,complete,09/15/2018,APPPHI5A0B560A17BE4,1499.0,1.0,1324.05,DEMO-00118,Appliances,\N,174.95,Easypay,09/15/2018,Net," 1,499 ",2017.0,11.0,2017-3,11-2017,FY18,39593.0,,,,,
900000111,complete,09/12/2018,APPSUP5A0C15FD9D2A7,13000.0,1.0,11520.0,DEMO-00092,Appliances,\N,1480.0,easypay_voucher,09/12/2018,Net," 13,000 ",2017.0,11.0,2017-11,11-2017,FY18,70712.0,,,,,
900000112,canceled,09/01/2018,ENTNOB59F98B192A8C4,15499.0,1.0,13499.1,DEMO-00003,Entertainment,\N,1999.9,Easypay_MA,09/01/2018,Gross," 15,499 ",2017.0,11.0,2016-11,11-2017,FY18,24081.0,,,,,
900000113,canceled,09/12/2018,MATHUA5A0C4F9E664D1,28457.0,1.0,24957.0,DEMO-00095,Mobiles & Tablets,\N,3500.0,easypay_voucher,09/12/2018,Gross," 28,457 ",2017.0,11.0,2017-11,11-2017,FY18,66197.0,,,,,
900000114,complete,09/01/2018,MEFBNB5A046DA5BBDA2-M,449.0,1.0,599.0,DEMO-00005,Men's Fashion,\N,0.0,cod,09/01/2018,Net, 449 ,2017.0,11.0,2017-11,11-2017,FY18,72590.0,,,,,
900000115,complete,09/13/2018,APPDAW59F97AFF95276,5499.0,1.0,4226.4,DEMO-00104,Appliances,C-GUJ-42531,1272.6,easypay_voucher,09/13/2018,Net," 5,499 ",2017.0,11.0,2017-10,11-2017,FY18,63780.0,,,,,
900000116,canceled,09/04/2018,OTHOTH5A097CEF981C2,849.0,1.0,999.0,DEMO-00029,Others,\N,0.0,cod,09/04/2018,Gross, 849 ,2017.0,11.0,2016-9,11-2017,FY18,7916.0,,,,,
900000117,complete,09/15/2018,APPDAW5A04B8C7B60DD,2484.0,1.0,2055.6,DEMO-00114,Appliances,\N,428.4,easypay_voucher,09/15/2018,Net," 2,484 ",2017.0,11.0,2017-6,11-2017,FY18,51075.0,,,,,
900000118,complete,09/04/2018,MEFPAK5A094C054968C-L,699.0,2.0,1258.2,DEMO-00030,Men's Fashion,C-GUJ-10960,139.8,easypay_voucher,09/04/2018,Net," 1,398 ",2017.0,11.0,2017-11,11-2017,FY18,76218.0,,,,,
900000119,canceled,09/03/2018,ENTPAN5A0970BBBD183,22999.0,1.0,20999.0,DEMO-00024,Entertainment,\N,2000.0,Easypay,09/03/2018,Gross," 22,999 ",2017.0,11.0,2017-3,11-2017,FY18,38312.0,,,,,
900000120,complete,09/14/2018,APPBIN59F9721D5A678,1399.0,1.0,819.2,DEMO-00107,Appliances,\N,579.8,Easypay,09/14/2018,Net," 1,399 ",2017.0,11.0,2016-9,11-2017,FY18,8500.0,,,,,
900000121,complete,09/01/2018,MATINF5A0ADCBFAC096,18946.0,1.0,17713.7,DEMO-00004,Mobiles & Tablets,cisb-110649,1232.3,easypay_voucher,09/01/2018,Net," 18,946 ",2017.0,11.0,2017-11,11-2017,FY18,79946.0,,,,,
900000122,complete,09/09/2018,MATSAM59DB75ADB2F80,13698.0,1.0,11588.1,DEMO-00071,Mobiles & Tablets,C HDD 44781,2109.9,easypay_voucher,09/09/2018,Net," 13,698 ",2017.0,11.0,2017-11,11-2017,FY18,80223.0,,,,,
900000123,complete,09/12/2018,WOFASA59E08B2101553,498.0,1.0,1047.0,DEMO-00089,Women's Fashion,\N,0.0,cod,09/12/2018,Net, 498 ,2017.0,11.0,2017-11,11-2017,FY18,80619.0,,,,,
900000124,complete,09/12/2018,WOFDEA59F1ECF2733EE,549.0,1.0,1047.0,DEMO-00089,Women's Fashion,\N,0.0,cod,09/12/2018,Net, 549 ,2017.0,11.0,2017-11,11-2017,FY18,80619.0,,,,,
900000125,canceled,09/10/2018,MATAPP5A153A5EB5456,132799.0,1.0,131799.0,DEMO-00074,Mobiles & Tablets,\N,1000.0,easypay_voucher,09/10/2018,Gross," 132,799 ",2017.0,11.0,2017-11,11-2017,FY18,81183.0,,,,,
900000126,canceled,09/08/2018,HALTOO59D51614C7159,1398.0,1.0,2147.0,DEMO-00064,Home & Living,\N,0.0,cod,09/08/2018,Gross," 1,398 ",2017.0,12.0,2017-11,12-2017,FY18,66918.0,,,,,
900000127,canceled,09/08/2018,HALYM5A016C9E3185E,749.0,1.0,2147.0,DEMO-00064,Home & Living,\N,0.0,cod,09/08/2018,Gross, 749 ,2017.0,12.0,2017-11,12-2017,FY18,66918.0,,,,,
900000128,canceled,09/01/2018,MEFNAR59C38B87864CC,998.0,1.0,1796.0,DEMO-00001,Men's Fashion,\N,0.0,Easypay,09/01/2018,Gross, 998 ,2017.0,12.0,2017-11,12-2017,FY18,65910.0,,,,,
900000129,canceled,09/01/2018,MEFNAR59F7253F6E875,798.0,1.0,1796.0,DEMO-00001,Men's Fashion,\N,0.0,Easypay,09/01/2018,Gross, 798 ,2017.0,12.0,2017-11,12-2017,FY18,65910.0,,,,,
900000130,complete,09/06/2018,MEFDEA59F75B1E9D5E4-M,1999.0,2.0,3998.0,DEMO-00045,Men's Fashion,\N,0.0,cod,09/06/2018,Net," 3,998 ",2017.0,12.0,2016-7,12-2017,FY18,1425.0,,,,,
900000131,canceled,09/05/2018,BAGLAC5A0AFAB4EBCA5,350.0,1.0,3654.4,DEMO-00039,Beauty & Grooming,\N,0.0,cod,09/05/2018,Gross, 350 ,2017.0,12.0,2017-12,12-2017,FY18,83636.0,,,,,
900000132,canceled,09/05/2018,BAGCLI5A1EA430EA96B,1400.0,1.0,3654.4,DEMO-00039,Beauty & Grooming,\N,0.0,cod,09/05/2018,Gross," 1,400 ",2017.0,12.0,2017-12,12-2017,FY18,83636.0,,,,,
900000133,canceled,09/05/2018,BAGNYC59EF325D4BA44,631.2,1.0,3654.4,DEMO-00039,Beauty & Grooming,\N,0.0,cod,09/05/2018,Gross, 631 ,2017.0,12.0,2017-12,12-2017,FY18,83636.0,,,,,
900000134,canceled,09/05/2018,BAGBOU59EE3FA85C96C,679.2,1.0,3654.4,DEMO-00039,Beauty & Grooming,\N,0.0,cod,09/05/2018,Gross, 679 ,2017.0,12.0,2017-12,12-2017,FY18,83636.0,,,,,
900000135,canceled,09/05/2018,BAGCLI5A1EA3B7B4AFE,594.0,1.0,3654.4,DEMO-00039,Beauty & Grooming,\N,0.0,cod,09/05/2018,Gross, 594 ,2017.0,12.0,2017-12,12-2017,FY18,83636.0,,,,,
900000136,canceled,09/06/2018,WOFORI5A4236DBA90BA,1300.0,1.0,2080.0,DEMO-00042,Women's Fashion,,520.0,Easypay,09/06/2018,Gross," 1,300 ",2018.0,1.0,2016-11,1-2018,FY18,24866.0,,,,,
900000137,canceled,09/06/2018,WOFORI5A4236DB1B284,1300.0,1.0,2080.0,DEMO-00042,Women's Fashion,,520.0,Easypay,09/06/2018,Gross," 1,300 ",2018.0,1.0,2016-11,1-2018,FY18,24866.0,,,,,
900000138,canceled,09/15/2018,MEFPRI59F0E2F0E9A42-XL,3499.0,2.0,6998.0,DEMO-00117,Men's Fashion,CFSD80620,0.0,Easypay,09/15/2018,Gross," 6,998 ",2018.0,1.0,2017-11,1-2018,FY18,67276.0,,,,,
900000139,complete,09/06/2018,BAGSHO5A3233D7449EC,900.0,1.0,1050.0,DEMO-00043,Beauty & Grooming,,0.0,cod,09/06/2018,Net, 900 ,2018.0,1.0,2018-1,1-2018,FY18,85608.0,,,,,
900000140,complete,09/09/2018,COMSMA59DCCD7457214,120.0,1.0,270.0,DEMO-00072,Computing,,0.0,cod,09/09/2018,Net, 120 ,2018.0,2.0,2017-8,2-2018,FY18,59544.0,,,,,
900000141,complete,09/12/2018,MATHUA5A7D77457B338,28944.0,1.0,26049.6,DEMO-00091,Mobiles & Tablets,c-guj-44840,2894.4,easypay_voucher,09/12/2018,Net," 28,944 ",2018.0,2.0,2017-8,2-2018,FY18,58791.0,,,,,
900000142,complete,09/07/2018,MATTEL5A7D7747BEF93,5780.0,1.0,5202.0,DEMO-00052,Mobiles & Tablets,C-HDD-45297,578.0,Easypay,09/07/2018,Net," 5,780 ",2018.0,2.0,2017-11,2-2018,FY18,80187.0,,,,,
900000143,complete,09/02/2018,MATNOK5A781952DF35C,2499.0,1.0,2249.1,DEMO-00009,Mobiles & Tablets,,249.9,Easypay,09/02/2018,Net," 2,499 ",2018.0,2.0,2016-9,2-2018,FY18,8240.0,,,,,
900000144,complete,09/01/2018,MEFKAR5A7C4E9DAAD48-S,1630.0,1.0,1630.0,DEMO-00008,Men's Fashion,,0.0,cod,09/01/2018,Net," 1,630 ",2018.0,2.0,2018-2,2-2018,FY18,91067.0,,,,,
900000145,complete,09/08/2018,MATINF5A7D8FD8D4881,12699.0,1.0,11429.1,DEMO-00060,Mobiles & Tablets,,1269.9,easypay_voucher,09/08/2018,Net," 12,699 ",2018.0,2.0,2018-2,2-2018,FY18,91966.0,,,,,
900000146,canceled,09/11/2018,MEFASA5A54B0E7381C3,229.0,1.0,2324.0,DEMO-00087,Men's Fashion,,0.0,cod,09/11/2018,Gross, 229 ,2018.0,2.0,2016-9,2-2018,FY18,6396.0,,,,,
900000147,canceled,09/11/2018,MEFKAR5A7C1393107CA-XS,720.0,1.0,2324.0,DEMO-00087,Men's Fashion,,0.0,cod,09/11/2018,Gross, 720 ,2018.0,2.0,2016-9,2-2018,FY18,6396.0,,,,,
900000148,canceled,09/11/2018,MEFKAR5A7C13BB5912D-XS,520.0,1.0,2324.0,DEMO-00087,Men's Fashion,,0.0,cod,09/11/2018,Gross, 520 ,2018.0,2.0,2016-9,2-2018,FY18,6396.0,,,,,
900000149,canceled,09/11/2018,MEFFUS5A868462088F4,855.0,1.0,2324.0,DEMO-00087,Men's Fashion,,0.0,cod,09/11/2018,Gross, 855 ,2018.0,2.0,2016-9,2-2018,FY18,6396.0,,,,,
900000150,canceled,09/03/2018,APPORI5A8D779F906CA,26475.0,1.0,23562.75,DEMO-00021,Appliances,,2912.25,jazzvoucher,09/03/2018,Gross," 26,475 ",2018.0,3.0,2017-11,3-2018,FY18,67444.0,,,,,
900000151,canceled,09/03/2018,MATSAM5A7D77487B6EF,17160.0,1.0,13929.2,DEMO-00020,Mobiles & Tablets,R-FSD-110641,3230.8,Easypay,09/03/2018,Gross," 17,160 ",2018.0,3.0,2017-11,3-2018,FY18,81091.0,,,,,
900000152,complete,09/13/2018,MATINF5A7D8FDB03640,9026.0,1.0,7220.8,DEMO-00102,Mobiles & Tablets,,1805.2,Easypay,09/13/2018,Net," 9,026 ",2018.0,3.0,2017-11,3-2018,FY18,70699.0,,,,,
900000153,complete,09/01/2018,MATSAM5A7463EE3C1A5,17160.0,1.0,13929.2,DEMO-00006,Mobiles & Tablets,C-LHW-50074-R,3230.8,Payaxis,09/01/2018,Net," 17,160 ",2018.0,3.0,2018-2,3-2018,FY18,89804.0,,,,,
900000154,canceled,09/09/2018,MATHUA5A731462EDDEA,10250.0,1.0,9250.0,DEMO-00066,Mobiles & Tablets,R-MUX-110152,1000.0,Payaxis,09/09/2018,Gross," 10,250 ",2018.0,3.0,2017-11,3-2018,FY18,70631.0,,,,,
900000155,complete,09/12/2018,WOFKAR5A7C14159D862-XXL,1430.0,1.0,1430.0,DEMO-00093,Women's Fashion,,0.0,cod,09/12/2018,Net," 1,430 ",2018.0,3.0,2018-3,3-2018,FY18,93176.0,,,,,
900000156,canceled,09/10/2018,OTHPCB5A7D845FA58AB,6000.0,1.0,6000.0,DEMO-00073,Others,,0.0,jazzwallet,09/10/2018,Gross," 6,000 ",2018.0,3.0,2018-3,3-2018,FY18,93999.0,,,,,
900000157,canceled,09/06/2018,APPPEL5A803A1092D50,25417.0,1.0,21875.3,DEMO-00046,Appliances,R-FSD-111124,3541.7,Payaxis,09/06/2018,Gross," 25,417 ",2018.0,3.0,2018-3,3-2018,FY18,95927.0,,,,,
900000158,canceled,09/09/2018,OTHPCB5A7D846C5089A,6000.0,4.0,24000.0,DEMO-00069,Others,,0.0,Payaxis,09/09/2018,Gross," 24,000 ",2018.0,3.0,2018-3,3-2018,FY18,96788.0,,,,,
900000159,canceled,09/11/2018,MOR59F333319808D,474.0,5.0,28821.2,DEMO-00085,Superstore,,4139.8,Easypay_MA,09/11/2018,Gross," 2,370 ",2018.0,3.0,2018-3,3-2018,FY18,97818.0,,,,,
900000160,canceled,09/11/2018,MOR5A816ECA30809,1007.0,4.0,28821.2,DEMO-00085,Superstore,,4139.8,Easypay_MA,09/11/2018,Gross," 4,028 ",2018.0,3.0,2018-3,3-2018,FY18,97818.0,,,,,
900000161,canceled,09/11/2018,ENTNOB5A7E865F33FF7,26563.0,1.0,28821.2,DEMO-00085,Entertainment,,4139.8,Easypay_MA,09/11/2018,Gross," 26,563 ",2018.0,3.0,2018-3,3-2018,FY18,97818.0,,,,,
900000162,canceled,09/14/2018,OTHPCB5AB351EA407C6,500.0,5.0,2500.0,DEMO-00112,Others,,0.0,Easypay,09/14/2018,Gross," 2,500 ",2018.0,3.0,2018-3,3-2018,FY18,99460.0,,,,,
900000163,canceled,09/13/2018,OTHPCB5ABB207A3FD50,500.0,3.0,1500.0,DEMO-00097,Others,,0.0,bankalfalah,09/13/2018,Gross," 1,500 ",2018.0,3.0,2018-3,3-2018,FY18,101704.0,,,,,
900000164,canceled,09/05/2018,OTHPCB5ABB20722019C,500.0,1.0,650.0,DEMO-00038,Others,,0.0,Easypay,09/05/2018,Gross, 500 ,2018.0,3.0,2018-3,3-2018,FY18,102030.0,,,,,
900000165,canceled,09/07/2018,OTHPCB5ABB20718EAB1,500.0,5.0,2500.0,DEMO-00053,Others,,0.0,Easypay,09/07/2018,Gross," 2,500 ",2018.0,3.0,2018-3,3-2018,FY18,103236.0,,,,,
900000166,complete,09/04/2018,COMHP5A8174530CD91,3999.0,1.0,3999.0,DEMO-00028,Computing,,0.0,cod,09/04/2018,Net," 3,999 ",2018.0,4.0,2018-4,4-2018,FY18,103900.0,,,,,
900000167,complete,09/13/2018,MATINF5A61FBB8820B3,14040.0,1.0,13040.0,DEMO-00103,Mobiles & Tablets,C-HDD-45297,1000.0,cod,09/13/2018,Net," 14,040 ",2018.0,4.0,2018-3,4-2018,FY18,96293.0,,,,,
900000168,canceled,09/09/2018,MATSAM5A731DD9475D3,39479.0,1.0,39479.0,DEMO-00068,Mobiles & Tablets,,0.0,bankalfalah,09/09/2018,Gross," 39,479 ",2018.0,4.0,2016-10,4-2018,FY18,12278.0,,,,,
900000169,canceled,09/13/2018,MATAPP5A7AAB97B74E2,107878.0,2.0,215756.0,DEMO-00100,Mobiles & Tablets,,0.0,bankalfalah,09/13/2018,Gross," 215,756 ",2018.0,5.0,2018-5,5-2018,FY18,109230.0,,,,,
900000170,canceled,09/13/2018,APPCAM59BA8E0DE9F96,2000.0,1.0,4950.0,DEMO-00099,Appliances,,750.0,Easypay,09/13/2018,Gross," 2,000 ",2018.0,5.0,2017-5,5-2018,FY18,43174.0,,,,,
900000171,canceled,09/13/2018,APPCAM59BA8E3E715C2,3700.0,1.0,4950.0,DEMO-00099,Appliances,,750.0,Easypay,09/13/2018,Gross," 3,700 ",2018.0,5.0,2017-5,5-2018,FY18,43174.0,,,,,
900000172,canceled,09/03/2018,MATHUA5A731DFD4BAC3,29399.0,2.0,58798.0,DEMO-00019,Mobiles & Tablets,,0.0,Payaxis,09/03/2018,Gross," 58,798 ",2018.0,6.0,2018-3,6-2018,FY18,94277.0,,,,,
900000173,canceled,09/04/2018,MATINF5B14E5DB21FC9,19000.0,1.0,19000.0,DEMO-00025,Mobiles & Tablets,,0.0,Easypay,09/04/2018,Gross," 19,000 ",2018.0,6.0,2018-6,6-2018,FY18,110690.0,,,,,
